Ngày,Mua vào,Bán ra
1/2/2020,42.3,42.75
1/3/2020,42.48,42.83
1/4/2020,42.8,43.15
1/6/2020,43.65,44.1
1/7/2020,43.68,44.13
1/8/2020,43.65,44
1/9/2020,43.45,43.95
1/10/2020,42.9,43.4
1/11/2020,43.2,43.65
1/13/2020,43.2,43.65
1/14/2020,42.65,43.05
1/15/2020,42.95,43.3
1/16/2020,43,43.35
1/17/2020,42.95,43.3
1/18/2020,43.1,43.45
1/20/2020,43.3,43.7
1/21/2020,43.55,43.95
1/22/2020,43.25,43.65
1/30/2020,43.3,43.75
1/31/2020,44.15,44.55
2/1/2020,44.35,44.75
2/2/2020,44.45,44.95
2/3/2020,44.35,44.85
2/4/2020,43.8,44.2
2/5/2020,43.25,43.75
2/6/2020,43.4,43.85
2/7/2020,43.6,44
2/8/2020,43.7,44.15
2/10/2020,44.25,44.8
2/11/2020,43.9,44.25
2/12/2020,43.85,44.2
2/13/2020,43.9,44.25
2/14/2020,44,44.35
2/15/2020,44.06,44.43
2/17/2020,44.05,44.4
2/18/2020,44.25,44.55
2/19/2020,44.63,44.98
2/20/2020,44.68,45.03
2/21/2020,44.9,45.3
2/22/2020,45.45,45.85
2/24/2020,45.6,46.05
2/25/2020,46.5,47.8
2/26/2020,46,47
2/27/2020,46.15,46.95
2/28/2020,46,46.6
2/29/2020,44.6,45.6
3/2/2020,45.75,46.2
3/3/2020,45.75,46.25
3/4/2020,46.8,47.6
3/5/2020,46.45,46.95
3/6/2020,46.85,47.35
3/7/2020,46.6,47.1
3/9/2020,46.8,47.3
3/10/2020,47.05,47.65
3/11/2020,46.85,47.45
3/12/2020,46.65,47.25
3/13/2020,46.9,47.5
3/19/2020,45.8,46.6
3/20/2020,46,46.8
3/21/2020,45.75,46.55
3/23/2020,45.8,46.5
3/24/2020,45.8,46.5
3/25/2020,46.5,47.2
3/26/2020,46.6,47.3
3/27/2020,47.05,47.85
3/28/2020,46.95,47.8
3/30/2020,47.1,47.9
3/31/2020,47.1,48.3
4/1/2020,46.6,47.9
4/2/2020,47.05,48.05
4/3/2020,47.15,48.15
4/6/2020,47,48
4/7/2020,47.4,48.4
4/8/2020,47,47.9
4/9/2020,47.2,48.05
4/10/2020,47.6,48.45
4/13/2020,47.45,48.3
4/14/2020,47.55,48.4
4/15/2020,47.7,48.5
4/16/2020,47.55,48.35
4/17/2020,47.5,48.25
4/20/2020,47.4,48.15
4/21/2020,47.4,48.05
4/22/2020,47.5,48.15
4/23/2020,47.65,48.3
4/24/2020,47.75,48.4
4/25/2020,47.9,48.55
4/27/2020,47.85,48.5
4/28/2020,47.75,48.4
4/29/2020,48,48.65
5/4/2020,47.8,48.4
5/5/2020,47.85,48.45
5/6/2020,47.9,48.5
5/7/2020,47.8,48.25
5/8/2020,48,48.45
5/9/2020,47.9,48.3
5/11/2020,47.85,48.3
5/12/2020,47.75,48.15
5/13/2020,48,48.4
5/14/2020,48.17,48.55
5/15/2020,48.3,48.67
5/16/2020,48.32,48.72
5/18/2020,48.58,48.98
5/19/2020,48.5,49
5/20/2020,48.6,49.05
5/21/2020,48.6,49.05
5/22/2020,48.45,48.9
5/23/2020,48.45,48.9
5/25/2020,48.45,48.85
5/26/2020,48.52,48.92
5/27/2020,48.4,48.78
5/28/2020,48.32,48.7
5/29/2020,48.4,48.77
5/30/2020,48.52,48.9
6/1/2020,48.65,49
6/2/2020,48.68,49.03
6/3/2020,48.52,48.87
6/4/2020,48.38,48.73
6/5/2020,48.5,48.84
6/6/2020,48.48,48.82
6/8/2020,48.33,48.68
6/9/2020,48.4,48.75
6/10/2020,48.43,48.78
6/11/2020,48.52,48.87
6/12/2020,48.42,48.77
6/13/2020,48.42,48.77
6/15/2020,48.46,48.8
6/16/2020,48.32,48.67
6/17/2020,48.25,48.6
6/18/2020,48.28,48.61
6/19/2020,48.34,48.67
6/20/2020,48.48,48.83
6/22/2020,48.58,48.93
6/23/2020,48.7,49.05
6/24/2020,48.87,49.25
6/25/2020,48.85,49.23
6/26/2020,48.83,49.18
6/27/2020,48.87,49.22
6/29/2020,48.98,49.33
6/30/2020,48.97,49.32
7/1/2020,49.15,49.53
7/2/2020,49.2,49.58
7/3/2020,49.35,49.72
7/4/2020,49.5,49.88
7/6/2020,49.54,49.92
7/7/2020,49.9,50.35
7/8/2020,49.93,50.33
7/9/2020,50,50.4
7/10/2020,50.12,50.57
7/11/2020,50.2,50.65
7/13/2020,50.25,50.65
7/14/2020,50.17,50.53
7/15/2020,50.25,50.62
7/16/2020,50.28,50.65
7/17/2020,50.28,50.65
7/18/2020,50.35,50.75
7/20/2020,50.35,50.75
7/21/2020,50.65,51.03
7/22/2020,51.5,52.65
7/23/2020,52.38,53.38
7/24/2020,53.72,54.87
7/25/2020,53.5,55
7/27/2020,54.5,56
7/28/2020,56.5,58.1
7/29/2020,56.4,57.9
7/30/2020,56.7,57.95
7/31/2020,56.6,57.9
8/1/2020,56.63,57.93
8/3/2020,56.8,57.95
8/4/2020,56.75,57.9
8/5/2020,56.83,57.98
8/6/2020,58.25,59.5
8/7/2020,60.6,62.2
8/8/2020,59.8,61.7
8/10/2020,57.96,59.92
8/11/2020,55.68,57.52
8/12/2020,53.58,55.48
8/13/2020,52.9,56.22
8/14/2020,54.95,57.72
8/15/2020,54.53,56.53
8/17/2020,53.95,55.6
8/18/2020,56.7,58.45
8/19/2020,56.25,57.65
8/20/2020,54.15,55.65
8/21/2020,55.35,56.75
8/24/2020,55.15,56.35
8/25/2020,55.05,56.1
8/26/2020,55,56.05
8/27/2020,55.25,56.25
8/28/2020,55.25,56.2
8/29/2020,55.8,56.9
8/31/2020,56,56.95
9/1/2020,56.55,57.5
9/3/2020,56.05,57
9/4/2020,55.85,56.8
9/5/2020,55.75,56.7
9/7/2020,55.85,56.75
9/8/2020,55.7,56.5
9/9/2020,55.6,56.4
9/10/2020,56.05,56.75
9/11/2020,56,56.7
9/12/2020,55.85,56.55
9/14/2020,55.85,56.55
9/15/2020,56.05,56.6
9/16/2020,56.05,56.55
9/17/2020,56.15,56.6
9/18/2020,56.1,56.55
9/19/2020,56,56.5
9/21/2020,56.07,56.52
9/22/2020,56.1,56.55
9/23/2020,55.7,56.15
9/24/2020,55.1,55.6
9/25/2020,54.7,55.2
9/26/2020,55.05,55.55
9/28/2020,55.08,55.55
9/29/2020,54.65,55.3
9/30/2020,55.25,55.75
10/1/2020,55.15,55.65
10/2/2020,55.65,56.15
10/3/2020,55.95,56.45
10/5/2020,55.95,56.45
10/6/2020,56,56.5
10/7/2020,55.55,56.05
10/8/2020,55.6,56.1
10/9/2020,55.75,56.25
10/10/2020,56,56.5
10/12/2020,55.95,56.45
10/13/2020,55.85,56.35
10/14/2020,55.6,56.1
10/15/2020,55.7,56.25
10/16/2020,55.85,56.3
10/17/2020,55.82,56.27
10/19/2020,55.75,56.25
10/20/2020,55.85,56.35
10/21/2020,55.95,56.45
10/22/2020,55.95,56.45
10/23/2020,55.88,56.38
10/24/2020,55.85,56.35
10/26/2020,55.8,56.3
10/27/2020,55.95,56.4
10/28/2020,55.95,56.4
10/29/2020,55.65,56.15
10/30/2020,55.7,56.2
10/31/2020,55.95,56.45
11/2/2020,55.95,56.45
11/3/2020,56.25,56.75
11/4/2020,56.2,56.7
11/5/2020,55.95,56.45
11/6/2020,56.15,56.65
11/7/2020,56.3,56.8
11/9/2020,56.4,56.9
11/10/2020,55.6,56.15
11/11/2020,55.85,56.35
11/12/2020,55.8,56.3
11/13/2020,55.9,56.4
11/14/2020,55.9,56.4
11/16/2020,55.95,56.45
11/17/2020,55.85,56.35
11/18/2020,55.7,56.2
11/19/2020,55.75,56.2
11/20/2020,55.7,56.15
11/21/2020,55.75,56.2
11/23/2020,55.75,56.2
11/24/2020,55.2,55.65
11/25/2020,54.8,55.25
11/26/2020,54.25,54.8
11/27/2020,54.5,55
11/28/2020,54.15,54.7
11/30/2020,53.88,54.43
12/1/2020,53.1,53.7
12/2/2020,54.1,54.75
12/3/2020,54.55,55.2
12/4/2020,54.75,55.4
12/5/2020,54.6,55.25
12/7/2020,54.55,55.1
12/8/2020,55.05,55.6
12/9/2020,54.95,55.5
12/10/2020,54.5,55.1
12/11/2020,54.75,55.25
12/12/2020,54.75,55.25
12/14/2020,54.7,55.2
12/15/2020,54.65,55.15
12/16/2020,54.85,55.35
12/17/2020,55,55.5
12/18/2020,55.05,55.55
12/21/2020,55.2,55.7
12/22/2020,55.15,55.65
12/23/2020,55,55.5
12/24/2020,55.25,55.75
12/25/2020,55.3,55.8
12/28/2020,55.4,55.9
12/29/2020,55.2,55.7
12/30/2020,55.45,55.95
12/31/2020,55.55,56.1
1/2/2021,55.6,56.15
1/4/2021,55.8,56.35
1/5/2021,56.35,56.9
1/6/2021,56.7,57.25
1/7/2021,56.4,56.95
1/8/2021,56.2,56.7
1/9/2021,55.3,56
1/11/2021,54.7,55.35
1/12/2021,55.75,56.35
1/13/2021,56.1,56.7
1/14/2021,55.9,56.5
1/15/2021,56,56.55
1/16/2021,55.8,56.4
1/18/2021,55.75,56.3
1/19/2021,55.9,56.45
1/20/2021,55.85,56.4
1/21/2021,56.25,56.8
1/22/2021,55.95,56.5
1/23/2021,55.85,56.4
1/25/2021,55.95,56.5
1/26/2021,56.05,56.55
1/27/2021,56.05,56.55
1/28/2021,56.05,56.55
1/29/2021,56.15,56.65
1/30/2021,56.2,56.7
2/1/2021,56.3,56.8
2/2/2021,56.55,57.05
2/3/2021,56.3,56.8
2/4/2021,56.3,56.8
2/5/2021,56.1,56.65
2/6/2021,56.35,56.9
2/8/2021,56.35,56.9
2/9/2021,56.75,57.3
2/17/2021,56.45,57
2/18/2021,56.35,56.85
2/19/2021,55.7,56.25
2/20/2021,55.75,56.4
2/21/2021,55.65,56.35
2/22/2021,55.55,56.05
2/23/2021,56.05,56.55
2/24/2021,56.05,56.55
2/25/2021,56.05,56.5
2/26/2021,55.9,56.3
2/27/2021,55.95,56.35
3/1/2021,55.95,56.35
3/2/2021,55.6,56
3/3/2021,55.75,56.15
3/4/2021,55.5,55.9
3/5/2021,55.45,55.85
3/6/2021,55.1,55.6
3/8/2021,55.25,55.65
3/9/2021,54.87,55.3
3/10/2021,55,55.4
3/11/2021,55.1,55.5
3/12/2021,55.35,55.75
3/13/2021,55.35,55.85
3/15/2021,55.45,55.85
3/16/2021,55.35,55.75
3/17/2021,55.22,55.62
3/18/2021,55.4,55.8
3/19/2021,55,55.4
3/20/2021,55.1,55.6
3/22/2021,55.15,55.55
3/23/2021,55.15,55.55
3/24/2021,55.1,55.5
3/25/2021,55.1,55.5
3/26/2021,54.95,55.35
3/27/2021,54.9,55.4
3/29/2021,54.85,55.25
3/30/2021,54.65,55.05
3/31/2021,54.25,54.65
4/1/2021,54.3,54.7
4/2/2021,54.7,55.1
4/3/2021,54.9,55.4
4/5/2021,54.92,55.42
4/6/2021,54.8,55.2
4/7/2021,54.95,55.35
4/8/2021,54.73,55.13
4/9/2021,55.03,55.43
4/10/2021,54.8,55.25
4/12/2021,54.75,55.15
4/13/2021,54.78,55.18
4/14/2021,54.97,55.37
4/15/2021,54.85,55.25
4/16/2021,55.1,55.48
4/23/2021,55.45,55.8
4/24/2021,55.15,55.65
4/26/2021,55.2,55.55
4/27/2021,55.15,55.5
4/28/2021,55.22,55.57
4/29/2021,55.45,55.8
5/3/2021,55.32,55.67
5/4/2021,55.47,55.82
5/5/2021,55.3,55.65
5/6/2021,55.38,55.73
5/7/2021,55.55,55.9
5/8/2021,55.65,56.1
5/10/2021,55.83,56.23
5/11/2021,55.95,56.3
5/12/2021,55.8,56.15
5/13/2021,55.67,56.02
5/14/2021,55.77,56.12
5/15/2021,55.92,56.37
5/17/2021,56.1,56.45
5/18/2021,56.15,56.5
5/19/2021,56.05,56.4
5/20/2021,55.9,56.25
5/21/2021,56.02,56.37
5/22/2021,56.08,56.48
5/24/2021,56.15,56.5
5/25/2021,56.02,56.37
5/26/2021,56.25,56.65
5/27/2021,56,56.4
5/28/2021,56.14,56.54
5/29/2021,56.34,56.82
5/31/2021,56.65,57.15
6/1/2021,56.6,57.3
6/2/2021,56.85,57.45
6/3/2021,57.05,57.65
6/4/2021,56.35,57
6/5/2021,56.6,57.25
6/7/2021,56.75,57.35
6/8/2021,56.9,57.5
6/9/2021,56.65,57.25
6/10/2021,56.55,57.15
6/11/2021,56.95,57.55
6/12/2021,56.7,57.3
6/14/2021,56.6,57.2
6/15/2021,56.55,57.15
6/16/2021,56.5,57.1
6/17/2021,56.4,57
6/18/2021,56.15,56.75
6/19/2021,56.15,56.75
6/21/2021,56.2,56.8
6/22/2021,56.5,57.1
6/23/2021,56.55,57.1
6/24/2021,56.5,57.05
6/25/2021,56.45,57
6/26/2021,56.5,57.1
6/28/2021,56.55,57.05
6/29/2021,56.45,56.95
6/30/2021,56.25,56.85
7/1/2021,56.3,56.9
7/2/2021,56.35,56.95
7/3/2021,56.6,57.2
7/5/2021,56.65,57.25
7/6/2021,56.75,57.35
7/7/2021,56.8,57.4
7/8/2021,56.85,57.45
7/9/2021,56.9,57.6
7/10/2021,56.75,57.5
7/12/2021,56.75,57.5
7/13/2021,56.6,57.35
7/14/2021,56.65,57.4
7/15/2021,56.85,57.6
7/16/2021,56.75,57.5
7/17/2021,56.75,57.5
7/19/2021,56.9,57.55
7/20/2021,56.9,57.55
7/21/2021,56.8,57.45
7/22/2021,56.8,57.45
7/23/2021,56.85,57.5
7/24/2021,56.85,57.5
7/26/2021,56.8,57.45
7/27/2021,56.6,57.3
7/28/2021,56.5,57.2
7/29/2021,56.65,57.35
7/30/2021,56.7,57.4
7/31/2021,56.55,57.2
8/2/2021,56.5,57.2
8/3/2021,56.6,57.3
8/4/2021,56.65,57.35
8/5/2021,56.55,57.25
8/6/2021,56.55,57.25
8/7/2021,56.3,57
8/9/2021,56.3,57
8/10/2021,56.25,56.95
8/11/2021,56.2,56.9
8/12/2021,56.4,57.1
8/13/2021,56.4,57.1
8/14/2021,56.55,57.25
8/17/2021,56.65,57.35
8/19/2021,56.55,57.25
8/20/2021,56.45,57.15
8/23/2021,56.4,57.1
8/24/2021,56.5,57.2
8/25/2021,56.45,57.15
8/26/2021,56.35,57.05
8/27/2021,56.4,57.1
8/28/2021,56.45,57.15
8/30/2021,56.6,57.3
8/31/2021,56.7,57.4
9/3/2021,56.65,57.35
9/4/2021,56.75,57.45
9/8/2021,56.5,57.2
9/9/2021,56.55,57.25
9/10/2021,56.6,57.3
9/11/2021,56.6,57.3
9/14/2021,56.55,57.25
9/15/2021,56.65,57.35
9/16/2021,56.5,57.2
9/17/2021,55.9,56.6
9/20/2021,56.15,56.8
9/21/2021,56.45,57.1
9/22/2021,56.5,57.15
9/23/2021,56.7,57.35
9/24/2021,56.4,57.05
9/25/2021,56.35,57
9/27/2021,56.35,57
9/28/2021,56.45,57.1
9/29/2021,56.35,56.95
9/30/2021,56.25,56.85
10/1/2021,56.6,57.2
10/2/2021,56.55,57.15
10/4/2021,56.65,57.35
10/5/2021,56.75,57.45
10/6/2021,56.7,57.4
10/7/2021,56.8,57.5
10/8/2021,57.1,57.8
10/9/2021,57.1,57.8
10/11/2021,57.25,57.95
10/12/2021,57.3,58
10/13/2021,57.4,58.1
10/14/2021,57.55,58.25
10/15/2021,57.3,58
10/16/2021,57.1,57.8
10/18/2021,57.05,57.75
10/19/2021,57.15,57.85
10/20/2021,57.25,57.95
10/21/2021,57.55,58.25
10/22/2021,57.4,58.1
10/23/2021,57.55,58.25
10/25/2021,57.55,58.25
10/26/2021,57.7,58.4
10/27/2021,57.85,58.55
10/28/2021,58,58.7
10/29/2021,57.75,58.45
10/30/2021,57.75,58.45
11/1/2021,57.75,58.45
11/2/2021,57.65,58.35
11/3/2021,57.8,58.5
11/4/2021,57.8,58.5
11/5/2021,57.95,58.65
11/6/2021,58.1,58.8
11/8/2021,58.2,58.9
11/9/2021,58.4,59.1
11/10/2021,58.7,59.4
11/11/2021,58.95,59.65
11/12/2021,59.5,60.2
11/13/2021,60.05,60.75
11/15/2021,59.95,60.65
11/16/2021,60.25,60.95
11/17/2021,60.8,61.55
11/18/2021,61.3,62.05
11/19/2021,61.05,61.8
11/20/2021,59.4,60.5
11/22/2021,59.5,60.2
11/23/2021,58.6,59.45
11/24/2021,59.15,59.95
11/25/2021,59.45,60.15
11/26/2021,59.55,60.25
11/27/2021,60,60.85
11/29/2021,60.2,60.9
11/30/2021,59.75,60.45
12/1/2021,59.75,60.45
12/2/2021,60.6,60.7
12/3/2021,59.95,60.65
12/4/2021,60.2,61.05
12/5/2021,60.4,61.1
12/6/2021,60.55,61.25
12/7/2021,60.75,61.45
12/8/2021,60.7,61.4
12/9/2021,60.25,60.95
12/10/2021,60.5,61.2
12/11/2021,60.65,61.45
12/13/2021,60.8,61.5
12/14/2021,60.9,61.6
12/15/2021,60.8,61.5
12/16/2021,60.85,61.55
12/17/2021,60.9,61.6
12/18/2021,61,61.7
12/20/2021,60.95,61.65
12/21/2021,60.9,61.6
12/22/2021,60.85,61.55
12/23/2021,61.05,61.75
12/24/2021,60.85,61.55
12/25/2021,60.9,61.6
12/27/2021,60.85,61.55
12/28/2021,60.85,61.55
12/29/2021,60.8,61.5
12/30/2021,60.6,61.3
12/31/2021,60.75,61.45
1/3/2022,61.05,61.8
1/4/2022,60.8,61.5
1/5/2022,60.9,61.6
1/6/2022,60.95,61.65
1/7/2022,60.72,61.42
1/8/2022,60.95,61.7
1/10/2022,60.95,61.65
1/11/2022,61.02,61.67
1/12/2022,61.05,61.7
1/13/2022,61,61.65
1/14/2022,61.05,61.7
1/15/2022,60.95,61.65
1/17/2022,61.05,61.65
1/18/2022,61.1,61.7
1/19/2022,61.1,61.7
1/20/2022,61.3,61.9
1/21/2022,61.1,61.7
1/22/2022,61.15,61.85
1/24/2022,61.25,61.9
1/25/2022,61.75,62.4
1/26/2022,61.9,62.55
1/27/2022,61.7,62.3
1/28/2022,61.9,62.6
2/7/2022,62.45,63.15
2/8/2022,62.8,63.45
2/9/2022,61.85,62.6
2/10/2022,61.35,62.15
2/11/2022,61.05,61.75
2/12/2022,62,62.8
2/14/2022,62.05,62.75
2/15/2022,62.5,63.2
2/16/2022,62.15,62.85
2/17/2022,62.5,63.1
2/18/2022,62.8,63.5
2/19/2022,62.5,63.2
2/21/2022,62.6,63.2
2/22/2022,62.95,63.55
2/23/2022,63.15,63.75
2/24/2022,63.55,64.25
2/25/2022,65.5,66.4
2/26/2022,64,65.4
2/28/2022,65.1,66
3/1/2022,65.25,66
3/2/2022,66,66.8
3/3/2022,66.55,67.3
3/4/2022,66.8,67.55
3/5/2022,67.25,68.4
3/6/2022,68.1,68.9
3/7/2022,68.9,70.1
3/8/2022,71.8,73.4
3/9/2022,70.2,72
3/10/2022,66.3,68.1
3/11/2022,67.9,69.7
3/12/2022,68.4,70.2
3/14/2022,68,69.8
3/15/2022,67.2,68.4
3/16/2022,67.3,68.6
3/17/2022,67.2,68.4
3/18/2022,67.8,68.8
3/19/2022,67.7,68.9
3/21/2022,67.9,68.9
3/22/2022,67.95,68.85
3/23/2022,67.8,68.5
3/24/2022,68.1,68.8
3/25/2022,68.4,69.1
3/26/2022,68.6,69.35
3/28/2022,68.9,69.6
3/29/2022,68.65,69.35
3/30/2022,68.5,69.2
3/31/2022,68.15,68.85
4/1/2022,68.3,69
4/2/2022,68.3,69.05
4/4/2022,68.25,68.95
4/5/2022,68.3,68.95
4/6/2022,68.1,68.75
4/7/2022,68.1,68.75
4/8/2022,68.25,68.9
4/9/2022,68.6,69.4
4/12/2022,68.9,69.55
4/13/2022,69.05,69.65
4/14/2022,69.25,69.85
4/15/2022,69,69.6
4/16/2022,69.15,69.8
4/18/2022,69.35,69.95
4/19/2022,69.75,70.55
4/20/2022,69.55,70.25
4/21/2022,69.55,70.25
4/22/2022,69.85,70.55
4/23/2022,69.6,70.4
4/25/2022,69.5,70.2
4/26/2022,69.4,70.1
4/27/2022,69.4,70.1
4/28/2022,69.3,70
4/29/2022,69.55,70.15
5/3/2022,69.2,69.95
5/4/2022,69.25,69.95
5/5/2022,69.65,70.35
5/6/2022,69.5,70.2
5/9/2022,69.7,70.4
5/10/2022,69.55,70.3
5/11/2022,69.25,69.95
5/12/2022,69.65,70.25
5/13/2022,69.55,70.15
5/14/2022,68.7,69.7
5/16/2022,68.5,69.5
5/17/2022,68.25,69.25
5/18/2022,68.25,69.25
5/19/2022,68.25,69.25
5/20/2022,68.55,69.45
5/21/2022,68.9,69.8
5/23/2022,68.95,69.85
5/24/2022,69,69.9
5/25/2022,69,69.9
5/26/2022,68,69
5/27/2022,68.4,69.4
5/28/2022,68.5,69.5
5/30/2022,68.3,69.3
5/31/2022,68.2,69.2
6/1/2022,68.2,69.2
6/2/2022,68.55,69.45
6/3/2022,68.8,69.7
6/4/2022,68.75,69.65
6/6/2022,68.65,69.55
6/7/2022,68.55,69.45
6/8/2022,68.85,69.75
6/9/2022,68.8,69.7
6/10/2022,68.7,69.6
6/11/2022,68.75,69.65
6/13/2022,68.45,69.35
6/14/2022,67.55,68.35
6/15/2022,67.5,68.3
6/16/2022,67.75,68.55
6/17/2022,67.95,68.75
6/18/2022,67.85,68.65
6/20/2022,67.9,68.7
6/21/2022,67.95,68.75
6/22/2022,67.85,68.65
6/23/2022,67.85,68.65
6/24/2022,67.8,68.6
6/25/2022,67.85,68.65
7/7/2022,67.65,68.25
7/8/2022,67.9,68.5
7/9/2022,67.95,68.55
7/11/2022,67.9,68.5
7/12/2022,67.6,68.2
7/13/2022,67.6,68.2
7/14/2022,67.65,68.25
7/15/2022,67.55,68.15
7/16/2022,67.35,67.95
7/18/2022,67.15,67.75
7/19/2022,62,64.45
7/20/2022,63.3,65.3
7/21/2022,63.3,65.3
7/22/2022,64.3,66.3
7/23/2022,64.9,66.4
7/25/2022,64.7,66.2
7/26/2022,65.3,66.3
7/27/2022,65.1,66.1
7/28/2022,65.3,66.3
7/29/2022,65.2,66.2
7/30/2022,65.8,66.8
8/1/2022,66.3,67.3
8/2/2022,67.4,68.4
8/3/2022,67.2,68.2
8/4/2022,66,67
8/5/2022,66.9,67.9
8/6/2022,66.3,67.3
8/8/2022,66.3,67.3
8/9/2022,66.4,67.4
8/10/2022,66.1,67.1
8/11/2022,65.9,66.9
8/12/2022,66.2,67.2
8/13/2022,66.5,67.5
8/15/2022,66.4,67.4
8/16/2022,65.9,66.9
8/17/2022,66,67
8/18/2022,66.1,67.1
8/19/2022,66.1,67.1
8/20/2022,66.2,67.2
8/22/2022,66.1,67.1
8/23/2022,66,67
8/24/2022,66.1,67.1
8/25/2022,66.3,67.1
8/26/2022,66,66.8
8/27/2022,66.1,66.9
8/29/2022,65.9,66.7
8/30/2022,65.9,66.7
8/31/2022,65.8,66.6
9/1/2022,65.85,66.65
9/3/2022,65.7,66.7
9/5/2022,65.85,66.65
9/6/2022,66,66.8
9/7/2022,65.9,66.7
9/8/2022,66.2,67
9/9/2022,66.1,66.9
9/10/2022,66.15,66.95
9/12/2022,66.1,66.9
9/13/2022,66.2,67
9/14/2022,66.05,66.85
9/15/2022,66.05,66.85
9/16/2022,65.7,66.5
9/17/2022,65.85,66.65
9/19/2022,65.8,66.6
9/20/2022,65.8,66.6
9/21/2022,65.85,66.65
9/22/2022,65.85,66.65
9/23/2022,65.85,66.65
9/24/2022,65.75,66.55
9/26/2022,65.65,66.45
9/27/2022,65.55,66.35
9/28/2022,64.2,65.2
9/29/2022,64.7,65.7
9/30/2022,64.75,65.75
10/1/2022,65.2,66.2
10/3/2022,65.5,66.5
10/4/2022,65.2,66.2
10/5/2022,65.45,66.45
10/6/2022,65.3,66.3
10/7/2022,64.7,65.7
10/8/2022,64.8,65.8
10/10/2022,65.6,66.6
10/11/2022,66.1,67.1
10/12/2022,66,67
10/13/2022,65.9,66.9
10/14/2022,66,67
10/15/2022,66.2,67.2
10/17/2022,66,67
10/18/2022,65.9,66.9
10/19/2022,66.2,67.2
10/20/2022,66,67
10/21/2022,66.3,67.3
10/22/2022,66.3,67.3
10/24/2022,66.5,67.5
10/25/2022,66.3,67.3
10/26/2022,66.3,67.3
10/27/2022,66.3,67.3
10/28/2022,66.2,67.2
10/29/2022,66,67
10/31/2022,66.1,67.1
11/1/2022,66,67
11/2/2022,66.15,67.15
11/3/2022,66.1,67.1
11/4/2022,66.2,67.2
11/5/2022,66.7,67.7
11/7/2022,66.5,67.5
11/8/2022,66.2,67.2
11/9/2022,66.5,67.5
11/10/2022,66.5,67.5
11/11/2022,66.6,67.6
11/12/2022,66.6,67.6
11/14/2022,66.5,67.5
11/15/2022,66.5,67.5
11/16/2022,66.7,67.7
11/17/2022,66.7,67.7
11/18/2022,66.7,67.7
11/19/2022,66.5,67.5
11/21/2022,66.6,67.6
11/22/2022,66.45,67.45
11/23/2022,66.4,67.4
11/24/2022,66.6,67.6
11/25/2022,66.6,67.6
11/26/2022,66.7,67.7
11/28/2022,66.6,67.4
11/29/2022,66.65,67.45
11/30/2022,66.4,67.2
12/1/2022,66.65,67.45
12/2/2022,66.6,67.4
12/3/2022,66.15,66.95
12/5/2022,66.15,66.95
12/6/2022,66.25,67.05
12/7/2022,66.35,67.15
12/8/2022,66.25,67.05
12/9/2022,66.6,67.4
12/10/2022,66.3,67.1
12/12/2022,66.45,67.25
12/13/2022,66.35,67.15
12/14/2022,66.55,67.35
12/15/2022,66.1,66.9
12/16/2022,66,66.8
12/17/2022,66.1,66.9
12/19/2022,66.2,67
12/20/2022,66.2,67
12/21/2022,66.4,67.2
12/22/2022,66.15,66.95
12/23/2022,66.1,66.9
12/24/2022,66.1,66.9
12/26/2022,66.2,67
12/27/2022,66.1,66.9
12/28/2022,65.9,66.7
12/29/2022,65.9,66.7
12/30/2022,65.9,66.7
12/31/2022,65.9,66.7
1/3/2023,66.2,67
1/4/2023,66.3,67.1
1/5/2023,66.45,67.25
1/6/2023,66.1,66.9
1/7/2023,66.45,67.25
1/9/2023,66.45,67.25
1/10/2023,66,66.8
1/11/2023,66.1,66.9
1/12/2023,66.15,66.95
1/13/2023,66.2,67
1/14/2023,66.4,67.4
1/16/2023,66.4,67.4
1/17/2023,66.35,67.15
1/18/2023,66.7,67.5
1/19/2023,66.7,67.7
1/27/2023,67.2,68.2
1/28/2023,67.6,68.6
1/29/2023,67.3,68.3
1/30/2023,67.2,68.2
1/31/2023,66.3,67.7
2/1/2023,66.5,67.3
2/2/2023,66.6,67.4
2/3/2023,66.7,67.5
2/4/2023,66.2,67.2
2/6/2023,66.5,67.3
2/7/2023,66.4,67.2
2/8/2023,66.55,67.35
2/9/2023,66.55,67.35
2/10/2023,66.55,67.35
2/11/2023,66.55,67.35
2/13/2023,66.6,67.4
2/14/2023,66.4,67.2
2/15/2023,66.5,67.3
2/16/2023,66.4,67.2
2/17/2023,66.35,67.15
2/18/2023,66.35,67.15
2/20/2023,66.3,67.1
2/21/2023,66.3,67.1
2/22/2023,66.3,67.1
2/23/2023,66.3,67.1
2/24/2023,66.25,66.95
2/25/2023,66.1,66.9
2/27/2023,66.1,66.8
2/28/2023,66.15,66.85
3/2/2023,66.15,66.85
3/3/2023,66.15,66.85
3/4/2023,66.2,66.9
3/6/2023,66.2,66.9
3/7/2023,66.05,66.75
3/8/2023,66,66.7
3/9/2023,65.85,66.55
3/10/2023,65.85,66.55
3/11/2023,65.85,66.55
3/13/2023,66,66.8
3/14/2023,66.35,67.05
3/15/2023,66.15,66.85
3/16/2023,65.95,66.65
3/17/2023,66.45,67.15
3/18/2023,66.85,67.75
3/20/2023,66.6,67.5
3/21/2023,66.75,67.45
3/22/2023,66.6,67.3
3/23/2023,66.45,67.15
3/24/2023,66.65,67.35
3/25/2023,66.65,67.35
3/27/2023,66.6,67.3
3/28/2023,66.65,67.35
3/29/2023,66.5,67.2
3/30/2023,66.45,67.15
3/31/2023,66.3,66.9
4/1/2023,66.45,67.05
4/3/2023,66.3,66.9
4/4/2023,66.6,67.2
4/5/2023,66.45,67.05
4/6/2023,66.5,67.1
4/7/2023,66.45,67.05
4/8/2023,66.4,67.1
4/10/2023,66.4,67
4/11/2023,66.4,67
4/12/2023,66.4,67
4/13/2023,66.4,67
4/14/2023,66.7,67.3
4/15/2023,66.3,67
4/17/2023,66.35,66.95
4/18/2023,66.5,67.1
4/19/2023,66.45,67.05
4/20/2023,66.35,66.95
4/21/2023,66.45,67.05
4/22/2023,66.35,66.95
4/24/2023,66.45,67.05
4/25/2023,66.45,67.05
4/26/2023,66.45,67.05
4/27/2023,66.55,67.15
4/28/2023,66.5,67.1
5/3/2023,66.6,67.2
5/4/2023,66.7,67.3
5/5/2023,66.65,67.25
5/6/2023,66.5,67.1
5/8/2023,66.35,67.05
5/9/2023,66.5,67.1
5/10/2023,66.65,67.25
5/11/2023,66.5,67.1
5/12/2023,66.65,67.25
5/13/2023,66.55,67.25
5/15/2023,66.55,67.25
5/16/2023,66.65,67.25
5/17/2023,66.5,67.1
5/18/2023,66.5,67.1
5/19/2023,66.55,67.15
5/20/2023,66.65,67.25
5/22/2023,66.75,67.35
5/23/2023,66.55,67.15
5/24/2023,66.5,67.1
5/25/2023,66.5,67.1
5/26/2023,66.5,67.1
5/27/2023,66.35,67.05
5/29/2023,66.4,67
5/30/2023,66.35,66.95
5/31/2023,66.55,67.15
6/1/2023,66.5,67.1
6/2/2023,66.4,67
6/3/2023,66.45,67.05
6/5/2023,66.4,67
6/6/2023,66.55,67.15
6/7/2023,66.4,67
6/8/2023,66.35,66.95
6/9/2023,66.4,67
6/10/2023,66.5,67.1
6/12/2023,66.5,67.1
6/13/2023,66.5,67.1
6/14/2023,66.4,67
6/15/2023,66.55,67.15
6/16/2023,66.6,67.2
6/17/2023,66.55,67.15
6/19/2023,66.5,67.1
6/20/2023,66.45,67.05
6/21/2023,66.5,67.1
6/22/2023,66.45,67.05
6/23/2023,66.4,67
6/24/2023,66.5,67.1
6/26/2023,66.5,67.1
6/27/2023,66.35,66.95
6/28/2023,66.35,66.95
6/29/2023,66.4,67
6/30/2023,66.4,67
7/1/2023,66.35,66.95
7/3/2023,66.4,67
7/4/2023,66.45,67.05
7/5/2023,66.5,67.1
7/6/2023,66.35,66.95
7/7/2023,66.45,67.05
7/8/2023,66.45,67.15
7/10/2023,66.45,67.05
7/11/2023,66.5,67.1
7/12/2023,66.6,67.2
7/13/2023,66.65,67.25
7/14/2023,66.75,67.35
7/15/2023,66.5,67.2
7/17/2023,66.6,67.2
7/19/2023,66.65,67.25
7/20/2023,66.6,67.2
7/21/2023,66.55,67.15
7/22/2023,66.4,67.1
7/24/2023,66.45,67.05
7/25/2023,66.55,67.15
7/26/2023,66.5,67.1
7/27/2023,66.6,67.2
7/28/2023,66.6,67.2
7/29/2023,66.55,67.25
7/31/2023,66.6,67.2
8/1/2023,66.7,67.3
8/2/2023,66.7,67.3
8/3/2023,66.6,67.2
8/4/2023,66.65,67.25
8/5/2023,66.6,67.2
8/7/2023,66.7,67.3
8/8/2023,66.75,67.35
8/9/2023,66.7,67.3
8/10/2023,66.65,67.25
8/11/2023,66.7,67.3
8/12/2023,66.8,67.5
8/14/2023,66.8,67.4
8/15/2023,66.9,67.5
8/16/2023,66.95,67.55
8/17/2023,66.9,67.5
8/18/2023,67.05,67.65
8/19/2023,67,67.7
8/21/2023,67.05,67.65
8/22/2023,66.95,67.55
8/23/2023,67.1,67.7
8/24/2023,67.3,67.9
8/25/2023,67.25,67.85
8/26/2023,67.35,68.05
8/28/2023,67.45,68.05
8/29/2023,67.5,68.1
8/30/2023,67.7,68.3
8/31/2023,67.55,68.15
9/1/2023,67.55,68.25
9/5/2023,67.55,68.15
9/6/2023,67.75,68.35
9/7/2023,67.75,68.35
9/8/2023,68.2,68.9
9/9/2023,68.05,68.75
9/11/2023,68.15,68.85
9/12/2023,68.2,68.9
9/13/2023,68.05,68.75
9/14/2023,67.9,68.6
9/15/2023,67.85,68.55
9/16/2023,68,68.7
9/18/2023,68.3,69
9/19/2023,68.5,69.2
9/20/2023,68.5,69.2
9/21/2023,68.5,69.2
9/22/2023,68.45,69.15
9/23/2023,68.45,69.15
9/25/2023,68.4,69.1
9/26/2023,68.15,68.85
9/27/2023,68.1,68.8
9/28/2023,68.1,68.8
9/29/2023,68.15,68.85
10/2/2023,68.25,68.95
10/3/2023,68.2,68.9
10/4/2023,68.25,68.95
10/5/2023,68.2,68.9
10/6/2023,68.3,69
10/7/2023,68.45,69.15
10/9/2023,68.8,69.5
10/10/2023,68.95,69.65
10/11/2023,69.05,69.75
10/12/2023,69.3,70
10/13/2023,69.45,70.15
10/14/2023,69.7,71
10/16/2023,69.85,70.55
10/17/2023,69.55,70.25
10/18/2023,69.45,70.15
10/19/2023,69.65,70.35
10/20/2023,70.15,70.85
10/23/2023,70.05,70.75
10/24/2023,69.85,70.55
10/31/2023,69.95,70.65
11/1/2023,69.9,70.6
11/2/2023,70.1,70.8
11/3/2023,69.9,70.6
11/4/2023,69.6,70.4
11/6/2023,69.05,70.05
11/7/2023,68.5,69.8
11/8/2023,68.9,69.9
11/9/2023,69.1,70.1
11/10/2023,69.3,70.3
11/13/2023,69.3,70.3
11/14/2023,69.7,70.5
11/15/2023,69.55,70.35
11/16/2023,69.6,70.4
11/17/2023,69.8,70.6
11/18/2023,70,70.8
11/20/2023,70.05,70.75
11/21/2023,70.25,70.95
11/22/2023,70.6,71.3
11/23/2023,70.7,71.5
11/24/2023,70.65,71.45
11/25/2023,71.1,72.1
11/27/2023,71.3,72.3
11/28/2023,71.9,72.7
11/29/2023,72.5,73.5
11/30/2023,72.5,73.7
12/1/2023,72.4,73.6
12/2/2023,72.3,73.5
12/4/2023,72.7,74
12/5/2023,73,74.2
12/6/2023,73.2,74.4
12/7/2023,73.1,74.3
12/8/2023,73,74
12/9/2023,73.1,74.1
12/11/2023,73,74
12/12/2023,72.6,73.6
12/13/2023,72.6,73.6
12/14/2023,72.8,73.8
12/15/2023,73.3,74.3
12/16/2023,73.5,74.5
12/18/2023,73.35,74.35
12/19/2023,73.5,74.5
12/20/2023,73.9,74.9
12/21/2023,74.4,75.4
12/22/2023,74.8,75.8
12/23/2023,75.8,76.8
12/25/2023,75.9,76.9
12/26/2023,77.4,78.4
12/27/2023,77.4,79.2
12/28/2023,77.8,79.5
12/29/2023,74.5,77.5
12/30/2023,73,76
1/2/2024,70.5,73.5
1/3/2024,72,75
1/4/2024,72,75
1/5/2024,72,75
1/6/2024,72,75
1/8/2024,72,75
1/9/2024,71.4,74.5
1/10/2024,71.5,74.5
1/11/2024,71.8,74.3
1/12/2024,72.8,75.3
1/13/2024,73.5,76
1/15/2024,74,77
1/16/2024,74,76.5
1/17/2024,73.5,76
1/18/2024,73.5,76
1/19/2024,74.2,76.7
1/20/2024,74.3,76.8
1/22/2024,73.8,76.3
1/23/2024,73.5,76
1/24/2024,74.2,76.7
1/25/2024,74.2,76.7
1/26/2024,74,76.5
1/27/2024,74.2,76.7
1/29/2024,74.2,76.7
1/30/2024,74.3,76.8
1/31/2024,74.9,77.4
2/1/2024,75.7,78
2/2/2024,76.2,78.5
2/3/2024,75.8,78.3
2/5/2024,75.7,77.9
2/6/2024,76.3,78.5
2/7/2024,76.3,78.5
2/15/2024,75.4,77.7
2/16/2024,76.8,79
2/17/2024,76.2,78.4
2/18/2024,76,78.6
2/19/2024,75.4,78.4
2/20/2024,75.4,77.7
2/21/2024,76.2,78.4
2/22/2024,75.7,77.9
2/23/2024,76.8,79
2/24/2024,76.3,78.5
2/26/2024,76.7,78.9
2/27/2024,77.2,79.2
2/28/2024,76.7,78.7
2/29/2024,77.4,79.4
3/1/2024,77.6,79.6
3/2/2024,77.8,79.8
3/4/2024,78.2,80.2
3/5/2024,78.9,80.9
3/6/2024,78.8,80.8
3/7/2024,79,81
3/8/2024,79.8,81.8
3/9/2024,79.7,82.2
3/11/2024,80,82
3/12/2024,80.3,82.3
3/13/2024,80.5,82.5
3/14/2024,79,81
3/15/2024,79.4,81.4
3/16/2024,79,81.5
3/18/2024,79.2,81.7
3/19/2024,79.9,81.9
3/20/2024,79.7,81.7
3/21/2024,80,82
3/22/2024,78.8,80.8
3/23/2024,77.7,80
3/25/2024,78,80.3
3/26/2024,78,80
3/27/2024,78.5,80.5
3/28/2024,78.9,80.9
3/29/2024,79.5,81.5
3/30/2024,78.7,81
4/1/2024,78.5,81
4/2/2024,79.1,81.1
4/3/2024,79.3,81.3
4/4/2024,79.7,81.7
4/5/2024,78.9,80.9
4/6/2024,79.5,81.5
4/8/2024,79.7,81.7
4/9/2024,80.6,82.6
4/10/2024,82.8,84.8
4/11/2024,82.4,84.4
4/12/2024,82.2,84.2
4/13/2024,82.5,84.5
4/15/2024,80.6,83.1
4/16/2024,82.1,84.1
4/17/2024,81.7,83.7
4/18/2024,82.1,84.1
4/19/2024,81.8,83.8
4/20/2024,82,84
4/22/2024,82,84
4/23/2024,80.3,82.8
4/24/2024,81,83.3
4/25/2024,81.5,83.8
4/26/2024,82.4,84.6
5/2/2024,82.5,84.7
5/3/2024,82.9,85.2
5/4/2024,83.5,85.9
5/6/2024,83.8,86
5/7/2024,84.6,86.8
5/8/2024,85.1,87.3
5/9/2024,85.7,88
5/10/2024,87.2,89.5
5/11/2024,88.8,91.3
5/13/2024,85.5,88.5
5/14/2024,86,89
5/15/2024,87.3,89.8
5/16/2024,87.9,90.4
5/17/2024,87.4,89.9
5/18/2024,87.7,90.4
5/20/2024,88.4,90.4
5/21/2024,88.8,90.8
5/22/2024,88.9,90.9
5/23/2024,88.9,90.9
5/24/2024,87.5,89.5
5/27/2024,87.6,89.6
5/28/2024,88.4,90.4
5/29/2024,88.9,90.9
5/30/2024,88.3,90.3
5/31/2024,85.8,88.8
6/1/2024,82,85
6/3/2024,80,82.5
6/4/2024,77.98,79.98
6/5/2024,77.48,78.98
6/6/2024,76.78,77.98
6/7/2024,74.98,76.98
6/8/2024,74.98,76.98
6/11/2024,74.98,76.98
6/12/2024,74.98,76.98
6/13/2024,74.98,76.98
6/14/2024,74.98,76.98
6/15/2024,74.98,76.98
6/17/2024,74.98,76.98
6/19/2024,74.98,76.98
6/20/2024,74.98,76.98
6/21/2024,74.98,76.98
6/22/2024,74.98,76.98
6/24/2024,74.98,76.98
6/26/2024,74.98,76.98
6/27/2024,74.98,76.98
6/28/2024,74.98,76.98
7/2/2024,74.98,76.98
7/3/2024,74.98,76.98
7/4/2024,74.98,76.98
7/6/2024,74.98,76.98
7/8/2024,74.98,76.98
7/9/2024,74.98,76.98
7/10/2024,74.98,76.98
7/11/2024,74.98,76.98
7/12/2024,74.98,76.98
7/16/2024,75.48,76.98
7/17/2024,75.48,76.98
7/18/2024,78.5,80
7/19/2024,78.5,80
7/20/2024,78,80
7/22/2024,78,80
7/23/2024,77.5,79.5
7/24/2024,77.5,79.5
7/25/2024,77.5,79.5
7/26/2024,77.5,79.5
7/27/2024,77.5,79.5
7/29/2024,77.5,79.5
7/30/2024,77,79
7/31/2024,77,79
8/1/2024,77.8,79.8
8/2/2024,77.8,79.8
8/3/2024,78.3,79.8
8/5/2024,78.3,79.8
8/6/2024,77,79
8/7/2024,77,79
8/9/2024,76.5,78.5
8/10/2024,76.5,78.5
8/12/2024,76.5,78.5
8/13/2024,78,80
8/15/2024,78,80
8/16/2024,78,80
8/17/2024,78,80
8/19/2024,78,80
8/20/2024,79,81
8/21/2024,79,81
8/23/2024,79,81
8/24/2024,79,81
8/26/2024,79,81
8/27/2024,79,81
8/28/2024,79,81
8/29/2024,79,81
8/31/2024,79,81
9/4/2024,79,81
9/5/2024,78.5,80.5
9/9/2024,78.5,80.5
9/10/2024,78.5,80.5
9/11/2024,78.5,80.5
9/12/2024,78.5,80.5
9/13/2024,78.5,80.5
9/16/2024,78.5,80.5
9/17/2024,80,82
9/19/2024,79.8,81.8
9/20/2024,80,82
9/21/2024,80,82
9/23/2024,80,82
9/24/2024,81.5,83.5
9/25/2024,81.5,83.5
9/26/2024,81.5,83.5
9/27/2024,81.5,83.5
10/1/2024,82,84
10/2/2024,82,84
10/3/2024,82,84
10/4/2024,82,84
10/8/2024,83,85
10/9/2024,83,85
10/10/2024,82.5,84.5
10/11/2024,82.5,84.5
10/12/2024,82.5,84.5
10/13/2024,82.5,84.5
10/14/2024,83,85
10/15/2024,83,85
10/16/2024,84,86
10/17/2024,84,86
10/18/2024,84,86
10/19/2024,84,86
10/21/2024,86,88
10/22/2024,87,89
10/23/2024,87,89
10/24/2024,87,89
10/25/2024,87,89
10/26/2024,87,89
10/27/2024,87,89
10/28/2024,87,89
10/29/2024,87,89
10/30/2024,87,89
10/31/2024,88,90
11/1/2024,87.5,89.5
11/4/2024,87,89
11/5/2024,87,89
11/6/2024,87,89
11/7/2024,85.5,87.5
11/8/2024,82,86.5
11/9/2024,82,85.8
11/11/2024,82,85.5
11/12/2024,80.6,84.1
11/13/2024,80.5,84
11/14/2024,80,83.5
11/15/2024,80,83.5
11/16/2024,80,83.5
11/18/2024,80.3,83.8
11/19/2024,81.7,84.7
11/20/2024,82.7,85.7
11/21/2024,83.7,86.2
11/22/2024,84.5,86.5
11/23/2024,85,87
11/25/2024,85,87
11/26/2024,82.8,85.3
11/27/2024,82.8,85.3
11/28/2024,83,85.5
11/29/2024,83.1,85.6
11/30/2024,83.3,85.8
12/1/2024,83.3,85.8
12/2/2024,82.8,85.3
12/3/2024,82.8,85.3
12/4/2024,83,85.5
12/6/2024,82.3,84.8
12/9/2024,82.7,85.2
12/11/2024,84.6,87.1
12/12/2024,84.8,87.3
12/13/2024,83.9,86.4
12/14/2024,83.8,86.3
12/16/2024,82.6,85.1
12/18/2024,83.1,85.1
12/19/2024,81.9,83.9
12/20/2024,82.1,84.1
12/21/2024,81.8,83.8
12/23/2024,82.3,84.3
12/24/2024,82.3,84.3
12/26/2024,82.5,84.5
12/27/2024,82.7,84.7
12/30/2024,82.5,84.5
12/31/2024,82.5,84.5
1/2/2025,83.3,84.8
1/3/2025,84,85.5
1/6/2025,83.5,85
1/7/2025,83.8,85.3
1/8/2025,84,85.5
1/9/2025,84.5,86
1/10/2025,84.7,86.2
1/11/2025,84.8,86.8
1/13/2025,84.6,86.6
1/14/2025,84.4,86.4
1/15/2025,84.6,86.6
1/16/2025,85,87
1/17/2025,85.3,87.3
1/18/2025,84.9,86.9
1/20/2025,84.7,86.7
1/21/2025,85,87
1/22/2025,86,88
1/23/2025,86.4,88.4
1/24/2025,86.5,88.5
1/25/2025,86.8,88.8
2/1/2025,86.8,88.8
2/3/2025,86.8,88.8
2/4/2025,87.8,90.3
2/5/2025,88,91
2/6/2025,88.2,91.2
2/7/2025,86.5,90
2/10/2025,87.3,90.3
2/11/2025,89.8,92.8
2/12/2025,86.7,90.2
2/13/2025,87.4,90.4
2/14/2025,88.3,91.3
2/15/2025,87.3,90.3
2/17/2025,87.3,90.3
2/18/2025,88.3,90.8
2/19/2025,89.4,91.7
2/20/2025,89.8,92.1
2/21/2025,89.7,92
2/22/2025,89.4,91.7
2/24/2025,89.2,91.5
2/25/2025,90,92.3
2/26/2025,89.4,91.7
2/27/2025,89.2,91.5
2/28/2025,88.9,90.9
3/1/2025,88.3,90.3
3/3/2025,89,91
3/4/2025,89.6,91.6
3/6/2025,91,93
3/7/2025,90.9,92.9
3/8/2025,90.9,92.9
3/10/2025,91.1,93.1
3/11/2025,90.6,92.6
3/12/2025,91.6,93.3
3/13/2025,92.5,94.2
3/14/2025,94.1,95.6
3/17/2025,94.8,96.1
3/18/2025,95.4,96.9
3/19/2025,97.1,98.6
3/20/2025,98.6,100.4
3/21/2025,94.7,97.7
3/22/2025,94.7,97.7
3/23/2025,94.4,97.4
3/24/2025,94.4,97.4
3/25/2025,94.9,97.4
3/26/2025,96.5,98.2
3/27/2025,96.7,98.4
3/28/2025,98.2,99.9
3/29/2025,98.4,100.7
3/31/2025,98.7,100.7
4/1/2025,99.8,102.1
4/2/2025,99.1,101.8
4/3/2025,99.8,102.5
4/4/2025,99.4,101.9
4/5/2025,97.1,100.1
4/8/2025,96.5,99.5
4/9/2025,97.4,99.6
4/10/2025,100.4,103.4
4/11/2025,103.4,106.4
4/12/2025,102.9,105.9
4/14/2025,104.5,107
4/15/2025,105.2,107.7
4/16/2025,106.8,109.8
4/17/2025,115.5,118
4/18/2025,117,120
4/19/2025,117,120
4/21/2025,112,114
4/22/2025,119,121
4/23/2025,122,124
4/24/2025,118.5,121.5
4/25/2025,119.5,121.5
4/26/2025,118.5,120.5
4/28/2025,118.5,120.5
4/29/2025,118.8,120.8
5/1/2025,119.3,121.3
5/2/2025,119.3,121.3
5/5/2025,117.8,119.8
5/6/2025,120.8,122.8
5/7/2025,120.2,122.2
5/8/2025,120.7,122.7
5/9/2025,118,120
5/10/2025,120,122
5/12/2025,119,121
5/13/2025,117.5,119.5
5/14/2025,118,120
5/15/2025,117.4,119.4
5/16/2025,118.5,120.8
5/17/2025,115.5,118.5
5/19/2025,116.8,119.3
5/20/2025,116.8,119.3
5/21/2025,118,120.5
5/22/2025,119.3,121.3
5/23/2025,118,120
5/24/2025,119.5,121.5
5/25/2025,119,121
5/26/2025,117,120
5/27/2025,116.3,118.8
5/28/2025,115.8,118.3
5/29/2025,114.7,117.2
5/30/2025,116.5,119
5/31/2025,115.7,118.2
6/2/2025,116,118.5
6/3/2025,116,118
6/5/2025,115.4,117.7
6/6/2025,116,118
6/7/2025,114.9,117.2
6/9/2025,115.2,117.2
6/10/2025,116,118
6/11/2025,116.8,118.8
6/12/2025,116.8,118.8
6/13/2025,118.5,120.5
6/14/2025,117.8,120.3
6/16/2025,118.5,120.5
6/17/2025,117.3,119.3
6/19/2025,117.4,119.4
6/21/2025,117.7,119.7
6/23/2025,117.7,119.7
6/24/2025,117.7,119.7
6/26/2025,117.8,119.8
6/27/2025,117.7,119.7
6/28/2025,117.7,119.7
6/30/2025,117.5,119.5
7/1/2025,118.3,120.3
7/2/2025,118.7,120.7
7/3/2025,118.9,120.9
7/4/2025,118.9,120.9
